file,segment,vertex,time,ele,hr,lat,lon
2013-03-12_running.gpx,0,0,2013-03-12T17:35:48+00:00,312.0,79,44.88325794227421,-93.89556569047272
2013-03-12_running.gpx,0,1,2013-03-12T17:35:50+00:00,310.6000061035156,79,44.88329239189625,-93.8955185841769
2013-03-12_running.gpx,0,2,2013-03-12T17:35:54+00:00,310.6000061035156,85,44.883398339152336,-93.895492432639
2013-03-12_running.gpx,0,3,2013-03-12T17:35:57+00:00,310.20001220703125,92,44.883476458489895,-93.8955233618617
2013-03-12_running.gpx,0,4,2013-03-12T17:35:58+00:00,309.6000061035156,100,44.88350789062679,-93.89553308486938
2013-03-12_running.gpx,0,5,2013-03-12T17:36:02+00:00,306.79998779296875,105,44.883632278069854,-93.89557239599526
2013-03-12_running.gpx,0,6,2013-03-12T17:36:06+00:00,306.79998779296875,111,44.88376588560641,-93.89559594914317
2013-03-12_running.gpx,0,7,2013-03-12T17:36:07+00:00,306.79998779296875,111,44.88380695693195,-93.89560005627573
2013-03-12_running.gpx,0,8,2013-03-12T17:36:11+00:00,308.20001220703125,117,44.88392916508019,-93.895616652444
2013-03-12_running.gpx,0,9,2013-03-12T17:36:14+00:00,307.79998779296875,124,44.88401466049254,-93.89564607292414
2013-03-12_running.gpx,0,10,2013-03-12T17:36:15+00:00,307.79998779296875,124,44.884044751524925,-93.89565034769475
2013-03-12_running.gpx,0,11,2013-03-12T17:36:20+00:00,305.79998779296875,125,44.8841807898134,-93.89567197300494
2013-03-12_running.gpx,0,12,2013-03-12T17:36:25+00:00,305.3999938964844,126,44.88436167128384,-93.8956787623465
2013-03-12_running.gpx,0,13,2013-03-12T17:36:31+00:00,304.79998779296875,126,44.88453207537532,-93.89566283673048
2013-03-12_running.gpx,0,14,2013-03-12T17:36:36+00:00,304.3999938964844,127,44.88465235568583,-93.89565688557923
2013-03-12_running.gpx,0,15,2013-03-12T17:36:37+00:00,304.0,128,44.884676998481154,-93.89565018005669
2013-03-12_running.gpx,0,16,2013-03-12T17:36:41+00:00,304.3999938964844,130,44.884708849713206,-93.89551975764334
2013-03-12_running.gpx,0,17,2013-03-12T17:36:46+00:00,304.79998779296875,134,44.88472276367247,-93.8953322544694
2013-03-12_running.gpx,0,18,2013-03-12T17:36:50+00:00,305.3999938964844,135,44.88473005592823,-93.89519127085805
2013-03-12_running.gpx,0,19,2013-03-12T17:36:51+00:00,305.3999938964844,135,44.88473265431821,-93.8951543904841
2013-03-12_running.gpx,0,20,2013-03-12T17:36:56+00:00,305.3999938964844,136,44.88473265431821,-93.89495976269245
2013-03-12_running.gpx,0,21,2013-03-12T17:37:02+00:00,304.79998779296875,136,44.88472427241504,-93.894725991413
2013-03-12_running.gpx,0,22,2013-03-12T17:37:08+00:00,305.3999938964844,139,44.884737599641085,-93.89450127258897
2013-03-12_running.gpx,0,23,2013-03-12T17:37:13+00:00,306.3999938964844,142,44.88474237732589,-93.89431075192988
2013-03-12_running.gpx,0,24,2013-03-12T17:37:20+00:00,308.20001220703125,144,44.884754782542586,-93.89404295012355
2013-03-12_running.gpx,0,25,2013-03-12T17:37:26+00:00,308.20001220703125,144,44.884750759229064,-93.89380808919668
2013-03-12_running.gpx,0,26,2013-03-12T17:37:33+00:00,308.79998779296875,145,44.88475553691387,-93.89355445280671
2013-03-12_running.gpx,0,27,2013-03-12T17:37:40+00:00,308.79998779296875,146,44.884759644046426,-93.89328715391457
2013-03-12_running.gpx,0,28,2013-03-12T17:37:45+00:00,307.20001220703125,146,44.88476098515093,-93.89311515726149
2013-03-12_running.gpx,0,29,2013-03-12T17:37:51+00:00,305.79998779296875,146,44.884763499721885,-93.89290167018771
2013-03-12_running.gpx,0,30,2013-03-12T17:37:57+00:00,305.79998779296875,145,44.884768361225724,-93.892688350752
2013-03-12_running.gpx,0,31,2013-03-12T17:38:02+00:00,305.3999938964844,140,44.88477456383407,-93.89250763691962
2013-03-12_running.gpx,0,32,2013-03-12T17:38:07+00:00,305.79998779296875,142,44.88477783277631,-93.8923273421824
2013-03-12_running.gpx,0,33,2013-03-12T17:38:12+00:00,304.79998779296875,145,44.884784454479814,-93.89214847236872
2013-03-12_running.gpx,0,34,2013-03-12T17:38:18+00:00,303.3999938964844,146,44.88478998653591,-93.8919319678098
2013-03-12_running.gpx,0,35,2013-03-12T17:38:24+00:00,303.0,148,44.8847989551723,-93.8917178940028
2013-03-12_running.gpx,0,36,2013-03-12T17:38:29+00:00,304.3999938964844,148,44.884800799191,-93.89152586460114
2013-03-12_running.gpx,0,37,2013-03-12T17:38:34+00:00,305.3999938964844,147,44.884804571047425,-93.89133207499981
2013-03-12_running.gpx,0,38,2013-03-12T17:38:40+00:00,306.79998779296875,146,44.88480775617063,-93.89109059236944
2013-03-12_running.gpx,0,39,2013-03-12T17:38:46+00:00,307.20001220703125,146,44.8848092649132,-93.89085916802287
2013-03-12_running.gpx,0,40,2013-03-12T17:38:51+00:00,306.79998779296875,146,44.88481756299734,-93.89067728072405
2013-03-12_running.gpx,0,41,2013-03-12T17:38:57+00:00,306.3999938964844,146,44.8848161380738,-93.89045314863324
2013-03-12_running.gpx,0,42,2013-03-12T17:39:03+00:00,307.79998779296875,147,44.8848248552531,-93.89022457413375
2013-03-12_running.gpx,0,43,2013-03-12T17:39:09+00:00,308.20001220703125,148,44.88482493907213,-93.88999826274812
2013-03-12_running.gpx,0,44,2013-03-12T17:39:15+00:00,308.79998779296875,149,44.884836757555604,-93.88978343456984
2013-03-12_running.gpx,0,45,2013-03-12T17:39:19+00:00,308.79998779296875,147,44.88488503731787,-93.88966927304864
2013-03-12_running.gpx,0,46,2013-03-12T17:39:24+00:00,309.6000061035156,148,44.88495376892388,-93.88960288837552
2013-03-12_running.gpx,0,47,2013-03-12T17:39:29+00:00,308.79998779296875,149,44.885054687038064,-93.88953734189272
2013-03-12_running.gpx,0,48,2013-03-12T17:39:34+00:00,307.79998779296875,151,44.88518578000367,-93.88952627778053
2013-03-12_running.gpx,0,49,2013-03-12T17:39:39+00:00,306.3999938964844,151,44.88532307557762,-93.88952493667603
2013-03-12_running.gpx,0,50,2013-03-12T17:39:46+00:00,306.3999938964844,153,44.88550445996225,-93.88951169326901
2013-03-12_running.gpx,0,51,2013-03-12T17:39:51+00:00,306.79998779296875,153,44.88565759733319,-93.88950565829873
2013-03-12_running.gpx,0,52,2013-03-12T17:39:57+00:00,307.20001220703125,154,44.88582355901599,-93.88951186090708
2013-03-12_running.gpx,0,53,2013-03-12T17:40:03+00:00,307.20001220703125,154,44.88599228672683,-93.88950725086033
2013-03-12_running.gpx,0,54,2013-03-12T17:40:09+00:00,306.3999938964844,154,44.88617459312081,-93.8895023893565
2013-03-12_running.gpx,0,55,2013-03-12T17:40:14+00:00,306.79998779296875,154,44.88631473854184,-93.88949124142528
2013-03-12_running.gpx,0,56,2013-03-12T17:40:19+00:00,306.79998779296875,154,44.88647449761629,-93.8894920796156
2013-03-12_running.gpx,0,57,2013-03-12T17:40:25+00:00,305.79998779296875,152,44.88665604963899,-93.88948738574982
2013-03-12_running.gpx,0,58,2013-03-12T17:40:29+00:00,305.3999938964844,153,44.88679493777454,-93.88948914594948
2013-03-12_running.gpx,0,59,2013-03-12T17:40:35+00:00,304.3999938964844,153,44.88700515590608,-93.88948579318821
2013-03-12_running.gpx,0,60,2013-03-12T17:40:41+00:00,304.3999938964844,154,44.88722115755081,-93.88948948122561
2013-03-12_running.gpx,0,61,2013-03-12T17:40:46+00:00,304.79998779296875,156,44.887383095920086,-93.88949417509139
2013-03-12_running.gpx,0,62,2013-03-12T17:40:51+00:00,304.3999938964844,156,44.88753925077617,-93.88949736021459
2013-03-12_running.gpx,0,63,2013-03-12T17:40:56+00:00,304.3999938964844,158,44.88770144060254,-93.8894936721772
2013-03-12_running.gpx,0,64,2013-03-12T17:41:01+00:00,304.79998779296875,159,44.88784896209836,-93.88949476182461
2013-03-12_running.gpx,0,65,2013-03-12T17:41:06+00:00,305.3999938964844,160,44.888000674545765,-93.88949425891042
2013-03-12_running.gpx,0,66,2013-03-12T17:41:11+00:00,304.79998779296875,160,44.88815884105861,-93.88948009349406
2013-03-12_running.gpx,0,67,2013-03-12T17:41:18+00:00,302.3999938964844,161,44.88839026540518,-93.8894725497812
2013-03-12_running.gpx,0,68,2013-03-12T17:41:22+00:00,301.0,162,44.8885203525424,-93.88947858475149
2013-03-12_running.gpx,0,69,2013-03-12T17:41:28+00:00,301.6000061035156,161,44.88871447741985,-93.88949995860457
2013-03-12_running.gpx,0,70,2013-03-12T17:41:35+00:00,299.6000061035156,160,44.8888969514519,-93.88948646374047
2013-03-12_running.gpx,0,71,2013-03-12T17:41:42+00:00,299.20001220703125,159,44.889119155704975,-93.88949115760624
2013-03-12_running.gpx,0,72,2013-03-12T17:41:48+00:00,299.6000061035156,158,44.88932266831398,-93.88948327861726
2013-03-12_running.gpx,0,73,2013-03-12T17:41:54+00:00,298.6000061035156,159,44.889493491500616,-93.88948897831142
2013-03-12_running.gpx,0,74,2013-03-12T17:42:01+00:00,300.6000061035156,161,44.88970287144184,-93.88950037769973
2013-03-12_running.gpx,0,75,2013-03-12T17:42:06+00:00,301.0,159,44.889868162572384,-93.88950297608972
2013-03-12_running.gpx,0,76,2013-03-12T17:42:12+00:00,303.0,158,44.89006438292563,-93.88952359557152
2013-03-12_running.gpx,0,77,2013-03-12T17:42:18+00:00,304.3999938964844,160,44.89024526439607,-93.88952024281025
2013-03-12_running.gpx,0,78,2013-03-12T17:42:24+00:00,304.79998779296875,159,44.89041415974498,-93.88952535577118
2013-03-12_running.gpx,0,79,2013-03-12T17:42:29+00:00,302.3999938964844,159,44.89051868207753,-93.88951655477285
2013-03-12_running.gpx,0,80,2013-03-12T17:42:36+00:00,301.6000061035156,158,44.890697468072176,-93.88951496221125
2013-03-12_running.gpx,0,81,2013-03-12T17:42:42+00:00,301.6000061035156,159,44.890867453068495,-93.8895314745605
2013-03-12_running.gpx,0,82,2013-03-12T17:42:48+00:00,300.6000061035156,160,44.891010196879506,-93.88955435715616
2013-03-12_running.gpx,0,83,2013-03-12T17:42:54+00:00,299.6000061035156,160,44.891187557950616,-93.88959769159555
2013-03-12_running.gpx,0,84,2013-03-12T17:43:00+00:00,300.0,159,44.89138763397932,-93.88965996913612
2013-03-12_running.gpx,0,85,2013-03-12T17:43:08+00:00,300.0,158,44.89162668585777,-93.88973976485431
2013-03-12_running.gpx,0,86,2013-03-12T17:43:13+00:00,300.0,157,44.891764149069786,-93.88978905044496
2013-03-12_running.gpx,0,87,2013-03-12T17:43:19+00:00,299.20001220703125,156,44.89194595254958,-93.88982836157084
2013-03-12_running.gpx,0,88,2013-03-12T17:43:24+00:00,298.6000061035156,156,44.89209573715925,-93.88984328135848
2013-03-12_running.gpx,0,89,2013-03-12T17:43:30+00:00,298.20001220703125,157,44.892280641943216,-93.88985736295581
2013-03-12_running.gpx,0,90,2013-03-12T17:43:37+00:00,298.20001220703125,158,44.89248205907643,-93.8898750487715
2013-03-12_running.gpx,0,91,2013-03-12T17:43:43+00:00,298.20001220703125,158,44.89266335964203,-93.88988259248435
2013-03-12_running.gpx,0,92,2013-03-12T17:43:49+00:00,297.6000061035156,159,44.892815155908465,-93.88987898826599
2013-03-12_running.gpx,0,93,2013-03-12T17:43:54+00:00,297.6000061035156,159,44.892957396805286,-93.88988066464663
2013-03-12_running.gpx,0,94,2013-03-12T17:44:00+00:00,297.20001220703125,159,44.89313157275319,-93.88987286947668
2013-03-12_running.gpx,0,95,2013-03-12T17:44:05+00:00,296.79998779296875,159,44.893281357362866,-93.88986675068736
2013-03-12_running.gpx,0,96,2013-03-12T17:44:11+00:00,296.79998779296875,159,44.89344019442797,-93.88986767269671
2013-03-12_running.gpx,0,97,2013-03-12T17:44:14+00:00,296.79998779296875,159,44.89353725686669,-93.88987337239087
2013-03-12_running.gpx,1,0,2013-03-12T17:44:17+00:00,296.79998779296875,159,44.89362115971744,-93.88988234102726
2013-03-12_running.gpx,1,1,2013-03-12T17:44:22+00:00,296.20001220703125,159,44.89376474171877,-93.8899030443281
2013-03-12_running.gpx,1,2,2013-03-12T17:44:28+00:00,296.20001220703125,161,44.89392885938287,-93.88989818282425
2013-03-12_running.gpx,1,3,2013-03-12T17:44:35+00:00,295.79998779296875,163,44.89412968978286,-93.88989323750138
2013-03-12_running.gpx,1,4,2013-03-12T17:44:41+00:00,295.79998779296875,162,44.894311744719744,-93.88989558443427
2013-03-12_running.gpx,1,5,2013-03-12T17:44:48+00:00,296.20001220703125,161,44.89450938999653,-93.88989617116749
2013-03-12_running.gpx,1,6,2013-03-12T17:44:53+00:00,295.79998779296875,161,44.894641153514385,-93.88990178704262
2013-03-12_running.gpx,1,7,2013-03-12T17:44:59+00:00,296.79998779296875,161,44.89481876604259,-93.88991268351674
2013-03-12_running.gpx,1,8,2013-03-12T17:45:06+00:00,297.20001220703125,161,44.89502403885126,-93.8899146951735
2013-03-12_running.gpx,1,9,2013-03-12T17:45:12+00:00,298.20001220703125,161,44.89518388174474,-93.8899220712483
2013-03-12_running.gpx,1,10,2013-03-12T17:45:18+00:00,298.6000061035156,162,44.89534305408597,-93.88993246480823
2013-03-12_running.gpx,1,11,2013-03-12T17:45:25+00:00,298.6000061035156,162,44.89555008709431,-93.88993305154145
2013-03-12_running.gpx,1,12,2013-03-12T17:45:31+00:00,299.20001220703125,163,44.89570456556976,-93.8899323809892
2013-03-12_running.gpx,1,13,2013-03-12T17:45:38+00:00,299.20001220703125,162,44.89589827135205,-93.88992978259921
2013-03-12_running.gpx,1,14,2013-03-12T17:45:45+00:00,298.6000061035156,161,44.89608325995505,-93.88993036933243
2013-03-12_running.gpx,1,15,2013-03-12T17:45:51+00:00,298.6000061035156,161,44.89626313559711,-93.88992106541991
2013-03-12_running.gpx,1,16,2013-03-12T17:45:57+00:00,298.6000061035156,162,44.896416775882244,-93.88992626219988
2013-03-12_running.gpx,1,17,2013-03-12T17:46:02+00:00,298.20001220703125,162,44.896562453359365,-93.88992777094245
2013-03-12_running.gpx,1,18,2013-03-12T17:46:07+00:00,298.20001220703125,163,44.896716848015785,-93.88993849977851
2013-03-12_running.gpx,1,19,2013-03-12T17:46:12+00:00,298.20001220703125,163,44.89686219021678,-93.88994185253978
2013-03-12_running.gpx,1,20,2013-03-12T17:46:18+00:00,298.6000061035156,162,44.89704214967787,-93.88995685614645
2013-03-12_running.gpx,1,21,2013-03-12T17:46:24+00:00,298.6000061035156,163,44.89720224402845,-93.88994176872075
2013-03-12_running.gpx,1,22,2013-03-12T17:46:29+00:00,299.20001220703125,164,44.89733316935599,-93.88994327746332
2013-03-12_running.gpx,1,23,2013-03-12T17:46:35+00:00,299.6000061035156,164,44.89748815074563,-93.88995836488903
2013-03-12_running.gpx,1,24,2013-03-12T17:46:40+00:00,300.0,165,44.89763567224145,-93.88994964770973
2013-03-12_running.gpx,1,25,2013-03-12T17:46:45+00:00,301.0,166,44.89776483736932,-93.88995635323226
2013-03-12_running.gpx,1,26,2013-03-12T17:46:52+00:00,302.0,166,44.89795636385679,-93.88997236266732
2013-03-12_running.gpx,1,27,2013-03-12T17:47:00+00:00,301.6000061035156,162,44.89816046319902,-93.88997479341924
2013-03-12_running.gpx,1,28,2013-03-12T17:47:06+00:00,301.6000061035156,162,44.89833254367113,-93.88997579924762
2013-03-12_running.gpx,1,29,2013-03-12T17:47:09+00:00,301.6000061035156,162,44.898409489542246,-93.88998309150338
2013-03-12_running.gpx,1,30,2013-03-12T17:47:14+00:00,302.0,163,44.89843463525176,-93.89014679007232
2013-03-12_running.gpx,1,31,2013-03-12T17:47:16+00:00,302.0,163,44.89843346178532,-93.8902241550386
2013-03-12_running.gpx,1,32,2013-03-12T17:47:23+00:00,302.3999938964844,164,44.89845089614391,-93.89048273675144
2013-03-12_running.gpx,1,33,2013-03-12T17:47:29+00:00,304.0,163,44.898440670222044,-93.89070896431804
2013-03-12_running.gpx,1,34,2013-03-12T17:47:35+00:00,304.0,163,44.89843899384141,-93.89093108475208
2013-03-12_running.gpx,1,35,2013-03-12T17:47:43+00:00,304.0,164,44.89843966439366,-93.89122126623988
2013-03-12_running.gpx,1,36,2013-03-12T17:47:49+00:00,304.3999938964844,163,44.89843564108014,-93.89143517240882
2013-03-12_running.gpx,1,37,2013-03-12T17:47:55+00:00,305.3999938964844,164,44.89842784591019,-93.8916502520442
2013-03-12_running.gpx,1,38,2013-03-12T17:48:00+00:00,306.3999938964844,164,44.89842373877764,-93.89183465391397
2013-03-12_running.gpx,1,39,2013-03-12T17:48:05+00:00,309.20001220703125,165,44.89841686561704,-93.89201947487891
2013-03-12_running.gpx,1,40,2013-03-12T17:48:10+00:00,310.6000061035156,166,44.89840806461871,-93.89219365082681
2013-03-12_running.gpx,1,41,2013-03-12T17:48:15+00:00,311.6000061035156,166,44.89839733578265,-93.89236665330827
2013-03-12_running.gpx,1,42,2013-03-12T17:48:20+00:00,313.0,166,44.89839348010719,-93.89253303408623
2013-03-12_running.gpx,1,43,2013-03-12T17:48:26+00:00,312.0,166,44.89840588532388,-93.8927245605737
2013-03-12_running.gpx,1,44,2013-03-12T17:48:34+00:00,310.6000061035156,166,44.89842155948281,-93.8929851539433
2013-03-12_running.gpx,1,45,2013-03-12T17:48:39+00:00,310.6000061035156,164,44.898406052961946,-93.89316997490823
2013-03-12_running.gpx,1,46,2013-03-12T17:48:46+00:00,310.6000061035156,164,44.898405969142914,-93.89342436566949
2013-03-12_running.gpx,1,47,2013-03-12T17:48:53+00:00,309.6000061035156,163,44.898408986628056,-93.89368336647749
2013-03-12_running.gpx,1,48,2013-03-12T17:49:00+00:00,309.20001220703125,162,44.89841217175126,-93.89393205754459
2013-03-12_running.gpx,1,49,2013-03-12T17:49:06+00:00,310.20001220703125,162,44.89842147566378,-93.89414856210351
2013-03-12_running.gpx,1,50,2013-03-12T17:49:11+00:00,310.20001220703125,162,44.898423068225384,-93.89432449825108
2013-03-12_running.gpx,1,51,2013-03-12T17:49:17+00:00,309.6000061035156,161,44.89842784591019,-93.89453404583037
2013-03-12_running.gpx,1,52,2013-03-12T17:49:19+00:00,310.20001220703125,161,44.89844058640301,-93.89460579492152
2013-03-12_running.gpx,1,53,2013-03-12T17:49:26+00:00,310.6000061035156,162,44.898407980799675,-93.89488239772618
2013-03-12_running.gpx,1,54,2013-03-12T17:49:32+00:00,311.20001220703125,161,44.89841493777931,-93.89511365443468
2013-03-12_running.gpx,1,55,2013-03-12T17:49:38+00:00,310.20001220703125,161,44.89841854199767,-93.89533678069711
2013-03-12_running.gpx,1,56,2013-03-12T17:49:43+00:00,310.6000061035156,162,44.89841904491186,-93.89553526416421
2013-03-12_running.gpx,1,57,2013-03-12T17:49:49+00:00,310.6000061035156,163,44.89841996692121,-93.895746152848
2013-03-12_running.gpx,1,58,2013-03-12T17:49:58+00:00,311.20001220703125,162,44.89842516370118,-93.89607564546168
2013-03-12_running.gpx,1,59,2013-03-12T17:50:05+00:00,311.6000061035156,162,44.89842885173857,-93.89632886275649
2013-03-12_running.gpx,1,60,2013-03-12T17:50:11+00:00,311.20001220703125,161,44.8984376527369,-93.89654939062893
2013-03-12_running.gpx,1,61,2013-03-12T17:50:17+00:00,310.6000061035156,162,44.89844083786011,-93.89676539227366
2013-03-12_running.gpx,1,62,2013-03-12T17:50:23+00:00,310.6000061035156,161,44.898441676050425,-93.89698533341289
2013-03-12_running.gpx,1,63,2013-03-12T17:50:31+00:00,311.20001220703125,161,44.89844058640301,-93.89727408997715
2013-03-12_running.gpx,1,64,2013-03-12T17:50:37+00:00,311.6000061035156,161,44.89843807183206,-93.89750216156244
2013-03-12_running.gpx,1,65,2013-03-12T17:50:43+00:00,311.20001220703125,161,44.89843555726111,-93.89771983958781
2013-03-12_running.gpx,1,66,2013-03-12T17:50:50+00:00,310.20001220703125,161,44.8984413407743,-93.89797934331
2013-03-12_running.gpx,1,67,2013-03-12T17:50:57+00:00,309.6000061035156,161,44.898444693535566,-93.89822225086391
2013-03-12_running.gpx,1,68,2013-03-12T17:51:03+00:00,310.20001220703125,162,44.898442681878805,-93.89844856224954
2013-03-12_running.gpx,1,69,2013-03-12T17:51:09+00:00,309.20001220703125,160,44.8984429333359,-93.89865836128592
2013-03-12_running.gpx,1,70,2013-03-12T17:51:15+00:00,309.20001220703125,159,44.898441759869456,-93.89886916615069
2013-03-12_running.gpx,1,71,2013-03-12T17:51:22+00:00,309.20001220703125,159,44.89844385534525,-93.89911936596036
2013-03-12_running.gpx,1,72,2013-03-12T17:51:30+00:00,309.6000061035156,159,44.89844276569784,-93.89939278364182
2013-03-12_running.gpx,1,73,2013-03-12T17:51:37+00:00,309.6000061035156,159,44.89843958057463,-93.89963896013796
2013-03-12_running.gpx,1,74,2013-03-12T17:51:44+00:00,310.20001220703125,159,44.89843916147947,-93.89988966286182
2013-03-12_running.gpx,1,75,2013-03-12T17:51:50+00:00,308.79998779296875,159,44.89843756891787,-93.90009225346148
2013-03-12_running.gpx,1,76,2013-03-12T17:51:55+00:00,308.20001220703125,159,44.898432372137904,-93.90026735141873
2013-03-12_running.gpx,1,77,2013-03-12T17:52:01+00:00,308.20001220703125,160,44.898432958871126,-93.90047245658934
2013-03-12_running.gpx,1,78,2013-03-12T17:52:08+00:00,308.79998779296875,160,44.898441173136234,-93.90071779489517
2013-03-12_running.gpx,1,79,2013-03-12T17:52:15+00:00,308.79998779296875,160,44.898432958871126,-93.90095525421202
2013-03-12_running.gpx,1,80,2013-03-12T17:52:22+00:00,309.20001220703125,159,44.898429941385984,-93.90118055976927
2013-03-12_running.gpx,1,81,2013-03-12T17:52:28+00:00,309.20001220703125,158,44.89843086339533,-93.90137024223804
2013-03-12_running.gpx,1,82,2013-03-12T17:52:34+00:00,308.20001220703125,157,44.898431450128555,-93.90156076289713
2013-03-12_running.gpx,1,83,2013-03-12T17:52:40+00:00,308.79998779296875,156,44.89842524752021,-93.9017527922988
2013-03-12_running.gpx,1,84,2013-03-12T17:52:46+00:00,309.20001220703125,156,44.89842876791954,-93.90196493826807
2013-03-12_running.gpx,1,85,2013-03-12T17:52:52+00:00,310.20001220703125,156,44.898434383794665,-93.90215654857457
2013-03-12_running.gpx,1,86,2013-03-12T17:52:57+00:00,310.20001220703125,156,44.89843815565109,-93.90232175588608
2013-03-12_running.gpx,1,87,2013-03-12T17:53:03+00:00,310.20001220703125,156,44.89843815565109,-93.90252384357154
2013-03-12_running.gpx,1,88,2013-03-12T17:53:10+00:00,311.20001220703125,156,44.89843865856528,-93.90276256017387
2013-03-12_running.gpx,1,89,2013-03-12T17:53:17+00:00,312.6000061035156,156,44.89843656308949,-93.90299926511943
2013-03-12_running.gpx,1,90,2013-03-12T17:53:25+00:00,313.0,156,44.898435389623046,-93.90328114852309
2013-03-12_running.gpx,1,91,2013-03-12T17:53:31+00:00,313.0,156,44.898447040468454,-93.90350125730038
2013-03-12_running.gpx,2,0,2013-03-12T17:53:37+00:00,312.6000061035156,156,44.898457266390324,-93.90372186899185
2013-03-12_running.gpx,2,1,2013-03-12T17:53:44+00:00,313.0,158,44.89845718257129,-93.90396444126964
2013-03-12_running.gpx,2,2,2013-03-12T17:53:51+00:00,312.0,159,44.89845659583807,-93.90420508570969
2013-03-12_running.gpx,2,3,2013-03-12T17:53:57+00:00,312.6000061035156,159,44.8984635528177,-93.90441119670868
2013-03-12_running.gpx,2,4,2013-03-12T17:54:03+00:00,312.0,159,44.89846246317029,-93.90462485142052
2013-03-12_running.gpx,2,5,2013-03-12T17:54:11+00:00,310.6000061035156,159,44.89847478456795,-93.90491017140448
2013-03-12_running.gpx,2,6,2013-03-12T17:54:18+00:00,308.79998779296875,159,44.898487189784646,-93.90515358187258
2013-03-12_running.gpx,2,7,2013-03-12T17:54:25+00:00,308.20001220703125,160,44.89849096164107,-93.9054028596729
2013-03-12_running.gpx,2,8,2013-03-12T17:54:33+00:00,307.20001220703125,159,44.89849557168782,-93.90567535534501
2013-03-12_running.gpx,2,9,2013-03-12T17:54:39+00:00,307.20001220703125,159,44.8984965775162,-93.90588205307722
2013-03-12_running.gpx,2,10,2013-03-12T17:54:44+00:00,307.20001220703125,159,44.89849909208715,-93.90606268309057
2013-03-12_running.gpx,2,11,2013-03-12T17:54:52+00:00,307.79998779296875,159,44.89849179983139,-93.90634314157069
2013-03-12_running.gpx,2,12,2013-03-12T17:54:59+00:00,308.20001220703125,160,44.898492051288486,-93.90657808631659
2013-03-12_running.gpx,2,13,2013-03-12T17:55:06+00:00,308.20001220703125,160,44.898497834801674,-93.90680783428252
2013-03-12_running.gpx,2,14,2013-03-12T17:55:12+00:00,308.20001220703125,160,44.898494398221374,-93.90701243653893
2013-03-12_running.gpx,2,15,2013-03-12T17:55:20+00:00,308.79998779296875,160,44.898501355201006,-93.90726146288216
2013-03-12_running.gpx,2,16,2013-03-12T17:55:25+00:00,308.20001220703125,161,44.898500265553594,-93.9074214734137
2013-03-12_running.gpx,2,17,2013-03-12T17:55:32+00:00,308.20001220703125,159,44.89849716424942,-93.90764627605677
2013-03-12_running.gpx,2,18,2013-03-12T17:55:39+00:00,307.20001220703125,159,44.89850546233356,-93.90786495991051
2013-03-12_running.gpx,2,19,2013-03-12T17:55:46+00:00,307.79998779296875,160,44.89851476624608,-93.90810166485608
2013-03-12_running.gpx,2,20,2013-03-12T17:55:53+00:00,307.79998779296875,160,44.89850806072354,-93.90832806006074
2013-03-12_running.gpx,2,21,2013-03-12T17:55:59+00:00,307.20001220703125,159,44.8985153529793,-93.90851774252951
2013-03-12_running.gpx,2,22,2013-03-12T17:56:06+00:00,307.20001220703125,155,44.898509653285146,-93.90875327400863
2013-03-12_running.gpx,2,23,2013-03-12T17:56:12+00:00,307.20001220703125,156,44.89850655198097,-93.90896525233984
2013-03-12_running.gpx,2,24,2013-03-12T17:56:17+00:00,306.79998779296875,156,44.89850998856127,-93.90914135612547
2013-03-12_running.gpx,2,25,2013-03-12T17:56:23+00:00,306.3999938964844,157,44.89851233549416,-93.9093644823879
2013-03-12_running.gpx,2,26,2013-03-12T17:56:30+00:00,305.79998779296875,158,44.89851426333189,-93.9096044562757
2013-03-12_running.gpx,2,27,2013-03-12T17:56:36+00:00,305.79998779296875,158,44.898512084037066,-93.90980805270374
2013-03-12_running.gpx,2,28,2013-03-12T17:56:41+00:00,305.79998779296875,159,44.89851828664541,-93.90996085479856
2013-03-12_running.gpx,2,29,2013-03-12T17:56:45+00:00,306.3999938964844,159,44.898586263880134,-93.91005816869438
2013-03-12_running.gpx,2,30,2013-03-12T17:56:51+00:00,306.3999938964844,160,44.89873646758497,-93.91010787338018
2013-03-12_running.gpx,2,31,2013-03-12T17:56:57+00:00,306.3999938964844,161,44.89888759329915,-93.91011315397918
2013-03-12_running.gpx,2,32,2013-03-12T17:57:03+00:00,306.3999938964844,161,44.899035869166255,-93.91011063940823
2013-03-12_running.gpx,2,33,2013-03-12T17:57:09+00:00,306.79998779296875,162,44.89917919971049,-93.91011198051274
2013-03-12_running.gpx,2,34,2013-03-12T17:57:16+00:00,307.79998779296875,162,44.89934775978327,-93.91011667437851
2013-03-12_running.gpx,2,35,2013-03-12T17:57:22+00:00,307.79998779296875,163,44.89949779585004,-93.91011818312109
2013-03-12_running.gpx,2,36,2013-03-12T17:57:28+00:00,307.79998779296875,161,44.89964548498392,-93.9101176802069
2013-03-12_running.gpx,2,37,2013-03-12T17:57:35+00:00,308.20001220703125,161,44.899819660931826,-93.91011876985431
2013-03-12_running.gpx,2,38,2013-03-12T17:57:40+00:00,307.79998779296875,160,44.899946143850684,-93.91011835075915
2013-03-12_running.gpx,2,39,2013-03-12T17:57:47+00:00,306.79998779296875,160,44.90012534894049,-93.91012078151107
2013-03-12_running.gpx,2,40,2013-03-12T17:57:54+00:00,307.20001220703125,160,44.9003095831722,-93.9101192727685
2013-03-12_running.gpx,2,41,2013-03-12T17:58:01+00:00,307.20001220703125,160,44.90049507468939,-93.91012446954846
2013-03-12_running.gpx,2,42,2013-03-12T17:58:08+00:00,306.79998779296875,159,44.90067847073078,-93.91011969186366
2013-03-12_running.gpx,2,43,2013-03-12T17:58:14+00:00,306.3999938964844,159,44.90084225311875,-93.91011675819755
2013-03-12_running.gpx,2,44,2013-03-12T17:58:22+00:00,306.3999938964844,159,44.90105029195547,-93.91010745428503
2013-03-12_running.gpx,2,45,2013-03-12T17:58:29+00:00,305.79998779296875,160,44.90123645402491,-93.91009295359254
2013-03-12_running.gpx,2,46,2013-03-12T17:58:35+00:00,306.3999938964844,160,44.901386238634586,-93.91008205711842
2013-03-12_running.gpx,2,47,2013-03-12T17:58:43+00:00,306.79998779296875,160,44.901594361290336,-93.91007543541491
2013-03-12_running.gpx,2,48,2013-03-12T17:58:50+00:00,307.20001220703125,160,44.90177985280752,-93.9100653771311
2013-03-12_running.gpx,2,49,2013-03-12T17:58:56+00:00,306.79998779296875,160,44.90194145590067,-93.91006529331207
2013-03-12_running.gpx,2,50,2013-03-12T17:59:02+00:00,306.3999938964844,161,44.90209685638547,-93.9100674726069
2013-03-12_running.gpx,2,51,2013-03-12T17:59:08+00:00,305.79998779296875,161,44.90225275978446,-93.91007476486266
2013-03-12_running.gpx,2,52,2013-03-12T17:59:14+00:00,305.3999938964844,159,44.902410758659244,-93.91008985228837
2013-03-12_running.gpx,2,53,2013-03-12T17:59:20+00:00,304.79998779296875,158,44.90257236175239,-93.9100894331932
2013-03-12_running.gpx,2,54,2013-03-12T17:59:27+00:00,304.3999938964844,158,44.90275785326958,-93.91007895581424
2013-03-12_running.gpx,2,55,2013-03-12T17:59:33+00:00,304.3999938964844,159,44.90291694179177,-93.91007786616683
2013-03-12_running.gpx,2,56,2013-03-12T17:59:39+00:00,305.3999938964844,159,44.903075359761715,-93.91008499078453
2013-03-12_running.gpx,2,57,2013-03-12T17:59:45+00:00,305.3999938964844,159,44.903231263160706,-93.91009856946766
2013-03-12_running.gpx,2,58,2013-03-12T17:59:52+00:00,304.3999938964844,159,44.903411557897925,-93.91009747982025
2013-03-12_running.gpx,2,59,2013-03-12T18:00:00+00:00,305.3999938964844,160,44.90361607633531,-93.91009756363928
2013-03-12_running.gpx,2,60,2013-03-12T18:00:06+00:00,305.3999938964844,161,44.90377206355333,-93.91008985228837
2013-03-12_running.gpx,2,61,2013-03-12T18:00:13+00:00,304.79998779296875,161,44.90395646542311,-93.91007468104362
2013-03-12_running.gpx,2,62,2013-03-12T18:00:19+00:00,303.3999938964844,161,44.904111782088876,-93.9100566599518
2013-03-12_running.gpx,2,63,2013-03-12T18:00:24+00:00,303.3999938964844,161,44.90424455143511,-93.91004945151508
2013-03-12_running.gpx,2,64,2013-03-12T18:00:31+00:00,304.0,161,44.90443783812225,-93.91004174016416
2013-03-12_running.gpx,2,65,2013-03-12T18:00:38+00:00,302.0,162,44.904629196971655,-93.91004676930606
2013-03-12_running.gpx,2,66,2013-03-12T18:00:45+00:00,300.6000061035156,162,44.90481745451689,-93.91004567965865
2013-03-12_running.gpx,2,67,2013-03-12T18:00:51+00:00,300.0,161,44.90497335791588,-93.9100447576493
2013-03-12_running.gpx,2,68,2013-03-12T18:00:58+00:00,300.0,161,44.9051536526531,-93.91004995442927
2013-03-12_running.gpx,2,69,2013-03-12T18:01:04+00:00,300.0,162,44.905310394242406,-93.91005414538085
2013-03-12_running.gpx,2,70,2013-03-12T18:01:11+00:00,300.0,162,44.90546705201268,-93.9100500382483
2013-03-12_running.gpx,2,71,2013-03-12T18:01:17+00:00,299.6000061035156,161,44.90557266399264,-93.91005573794246
2013-03-12_running.gpx,2,72,2013-03-12T18:01:23+00:00,298.20001220703125,156,44.90565128624439,-93.9100378844887
2013-03-12_running.gpx,2,73,2013-03-12T18:01:27+00:00,298.20001220703125,154,44.90572487935424,-93.90995926223695
2013-03-12_running.gpx,2,74,2013-03-12T18:01:31+00:00,297.6000061035156,153,44.90578019991517,-93.90982976183295
2013-03-12_running.gpx,2,75,2013-03-12T18:01:35+00:00,297.20001220703125,152,44.90590509027243,-93.90979313291609
2013-03-12_running.gpx,2,76,2013-03-12T18:01:37+00:00,297.20001220703125,152,44.905979773029685,-93.90984535217285
2013-03-12_running.gpx,2,77,2013-03-12T18:01:43+00:00,296.20001220703125,155,44.90616509690881,-93.90995205380023
2013-03-12_running.gpx,2,78,2013-03-12T18:01:50+00:00,297.20001220703125,159,44.90634975023568,-93.91003386117518
2013-03-12_running.gpx,2,79,2013-03-12T18:01:56+00:00,297.20001220703125,161,44.90650867111981,-93.91003109514713
2013-03-12_running.gpx,2,80,2013-03-12T18:02:03+00:00,297.20001220703125,163,44.906696593388915,-93.91003704629838
2013-03-12_running.gpx,2,81,2013-03-12T18:02:09+00:00,297.6000061035156,164,44.90684445016086,-93.91004006378353
2013-03-12_running.gpx,2,82,2013-03-12T18:02:16+00:00,299.6000061035156,164,44.90701409988105,-93.91005096025765
2013-03-12_running.gpx,2,83,2013-03-12T18:02:22+00:00,300.0,165,44.90716304630041,-93.91005707904696
2013-03-12_running.gpx,2,84,2013-03-12T18:02:28+00:00,300.6000061035156,165,44.90730805322528,-93.91006026417017
2013-03-12_running.gpx,2,85,2013-03-12T18:02:34+00:00,300.6000061035156,165,44.90744828246534,-93.91005615703762
2013-03-12_running.gpx,2,86,2013-03-12T18:02:40+00:00,300.6000061035156,165,44.907592786476016,-93.91006705351174
2013-03-12_running.gpx,2,87,2013-03-12T18:02:47+00:00,301.6000061035156,167,44.907761346548796,-93.91007719561458
2013-03-12_running.gpx,2,88,2013-03-12T18:02:53+00:00,301.0,166,44.90790626965463,-93.91006755642593
2013-03-12_running.gpx,2,89,2013-03-12T18:03:00+00:00,301.0,166,44.908079355955124,-93.91007166355848
2013-03-12_running.gpx,2,90,2013-03-12T18:03:06+00:00,301.6000061035156,166,44.90822494961321,-93.91007836908102
2013-03-12_running.gpx,2,91,2013-03-12T18:03:07+00:00,301.6000061035156,166,44.90824917331338,-93.91008105129004
2013-03-12_running.gpx,3,0,2013-03-12T18:03:12+00:00,301.6000061035156,166,44.90836643613875,-93.91008457168937
2013-03-12_running.gpx,3,1,2013-03-12T18:03:19+00:00,302.3999938964844,165,44.90854145027697,-93.9100899361074
2013-03-12_running.gpx,3,2,2013-03-12T18:03:26+00:00,303.0,165,44.90871696732938,-93.91009949147701
2013-03-12_running.gpx,3,3,2013-03-12T18:03:32+00:00,303.3999938964844,166,44.908865159377456,-93.91010276041925
2013-03-12_running.gpx,3,4,2013-03-12T18:03:39+00:00,303.0,167,44.90904117934406,-93.91009915620089
2013-03-12_running.gpx,3,5,2013-03-12T18:03:46+00:00,303.0,167,44.9092167802155,-93.91010225750506
2013-03-12_running.gpx,3,6,2013-03-12T18:03:52+00:00,302.3999938964844,167,44.90936279296875,-93.91009756363928
2013-03-12_running.gpx,3,7,2013-03-12T18:04:00+00:00,302.0,166,44.90955775603652,-93.91009664162993
2013-03-12_running.gpx,3,8,2013-03-12T18:04:06+00:00,301.6000061035156,164,44.90971567109227,-93.91009513288736
2013-03-12_running.gpx,3,9,2013-03-12T18:04:12+00:00,301.0,162,44.90986444987357,-93.91010016202927
2013-03-12_running.gpx,3,10,2013-03-12T18:04:18+00:00,301.0,162,44.910009959712625,-93.9101002458483
2013-03-12_running.gpx,3,11,2013-03-12T18:04:25+00:00,301.0,162,44.910183465108275,-93.91010267660022
2013-03-12_running.gpx,3,12,2013-03-12T18:04:31+00:00,302.0,164,44.91033425554633,-93.91010996885598
2013-03-12_running.gpx,3,13,2013-03-12T18:04:37+00:00,302.0,164,44.91048663854599,-93.91010535880923
2013-03-12_running.gpx,3,14,2013-03-12T18:04:43+00:00,301.6000061035156,165,44.91064094938338,-93.91010988503695
2013-03-12_running.gpx,3,15,2013-03-12T18:04:49+00:00,302.0,166,44.91079257801175,-93.9101018384099
2013-03-12_running.gpx,3,16,2013-03-12T18:04:56+00:00,302.0,165,44.91097228601575,-93.91010443679988
2013-03-12_running.gpx,3,17,2013-03-12T18:05:03+00:00,302.0,165,44.911147551611066,-93.91010577790439
2013-03-12_running.gpx,3,18,2013-03-12T18:05:10+00:00,302.3999938964844,166,44.911321979016066,-93.91009924001992
2013-03-12_running.gpx,3,19,2013-03-12T18:05:16+00:00,304.0,167,44.91147419437766,-93.91009639017284
2013-03-12_running.gpx,3,20,2013-03-12T18:05:23+00:00,304.0,166,44.91166605614126,-93.91009764745831
2013-03-12_running.gpx,3,21,2013-03-12T18:05:28+00:00,304.79998779296875,165,44.911813493818045,-93.91010837629437
2013-03-12_running.gpx,3,22,2013-03-12T18:05:34+00:00,304.79998779296875,166,44.91197937168181,-93.9101105555892
2013-03-12_running.gpx,3,23,2013-03-12T18:05:41+00:00,305.3999938964844,167,44.912164360284805,-93.91011499799788
2013-03-12_running.gpx,3,24,2013-03-12T18:05:48+00:00,304.3999938964844,168,44.9123477563262,-93.91011608764529
2013-03-12_running.gpx,3,25,2013-03-12T18:05:54+00:00,304.0,168,44.912499552592635,-93.91011994332075
2013-03-12_running.gpx,3,26,2013-03-12T18:06:01+00:00,304.3999938964844,168,44.912678841501474,-93.91012128442526
2013-03-12_running.gpx,3,27,2013-03-12T18:06:07+00:00,304.79998779296875,168,44.912834241986275,-93.91012505628169
2013-03-12_running.gpx,3,28,2013-03-12T18:06:10+00:00,304.3999938964844,167,44.91290649399161,-93.91011918894947
2013-03-12_running.gpx,3,29,2013-03-12T18:06:14+00:00,304.3999938964844,167,44.912899788469076,-93.91003847122192
2013-03-12_running.gpx,3,30,2013-03-12T18:06:16+00:00,304.3999938964844,167,44.91284865885973,-93.91002195887268
2013-03-12_running.gpx,3,31,2013-03-12T18:06:22+00:00,304.0,166,44.91269426420331,-93.91002246178687
2013-03-12_running.gpx,3,32,2013-03-12T18:06:28+00:00,303.3999938964844,165,44.91254196502268,-93.91000988893211
2013-03-12_running.gpx,3,33,2013-03-12T18:06:34+00:00,304.0,165,44.91237717680633,-93.91000427305698
2013-03-12_running.gpx,3,34,2013-03-12T18:06:40+00:00,304.0,164,44.91221725009382,-93.90999404713511
2013-03-12_running.gpx,3,35,2013-03-12T18:06:46+00:00,304.0,163,44.91206436417997,-93.90999287366867
2013-03-12_running.gpx,3,36,2013-03-12T18:06:52+00:00,303.0,162,44.911913154646754,-93.90999597497284
2013-03-12_running.gpx,3,37,2013-03-12T18:06:59+00:00,303.3999938964844,161,44.91173026151955,-93.9099913649261
2013-03-12_running.gpx,3,38,2013-03-12T18:07:04+00:00,304.0,160,44.91160109639168,-93.90998943708837
2013-03-12_running.gpx,3,39,2013-03-12T18:07:10+00:00,304.0,160,44.91144435480237,-93.90999899245799
2013-03-12_running.gpx,3,40,2013-03-12T18:07:16+00:00,303.3999938964844,160,44.911268670111895,-93.90999446623027
2013-03-12_running.gpx,3,41,2013-03-12T18:07:22+00:00,303.0,160,44.91109985858202,-93.91000016592443
2013-03-12_running.gpx,3,42,2013-03-12T18:07:27+00:00,302.0,161,44.91095929406583,-93.90999857336283
2013-03-12_running.gpx,3,43,2013-03-12T18:07:33+00:00,301.6000061035156,161,44.910795679315925,-93.90999748371542
2013-03-12_running.gpx,3,44,2013-03-12T18:07:38+00:00,301.0,160,44.91065293550491,-93.91000024974346
2013-03-12_running.gpx,3,45,2013-03-12T18:07:43+00:00,300.6000061035156,160,44.91051949560642,-93.90999488532543
2013-03-12_running.gpx,3,46,2013-03-12T18:07:49+00:00,300.6000061035156,160,44.9103616643697,-93.90999807044864
2013-03-12_running.gpx,3,47,2013-03-12T18:07:56+00:00,301.0,160,44.91015295498073,-93.91000645235181
2013-03-12_running.gpx,3,48,2013-03-12T18:08:03+00:00,301.6000061035156,160,44.90994684398174,-93.91001106239855
2013-03-12_running.gpx,3,49,2013-03-12T18:08:09+00:00,301.0,161,44.90977769717574,-93.910006955266
2013-03-12_running.gpx,3,50,2013-03-12T18:08:15+00:00,301.0,161,44.909608885645866,-93.91000343486667
2013-03-12_running.gpx,3,51,2013-03-12T18:08:22+00:00,301.0,161,44.90940889343619,-93.90999957919121
2013-03-12_running.gpx,3,52,2013-03-12T18:08:28+00:00,301.6000061035156,161,44.909245278686285,-93.90999228693545
2013-03-12_running.gpx,3,53,2013-03-12T18:08:34+00:00,301.6000061035156,161,44.90908023901284,-93.90998776070774
2013-03-12_running.gpx,3,54,2013-03-12T18:08:41+00:00,301.6000061035156,161,44.9088906403631,-93.90998734161258
2013-03-12_running.gpx,3,55,2013-03-12T18:08:47+00:00,301.6000061035156,163,44.90872819907963,-93.90998566523194
2013-03-12_running.gpx,3,56,2013-03-12T18:08:54+00:00,301.6000061035156,165,44.90853516384959,-93.90998625196517
2013-03-12_running.gpx,3,57,2013-03-12T18:09:00+00:00,301.6000061035156,165,44.90837414748967,-93.90997686423361
2013-03-12_running.gpx,3,58,2013-03-12T18:09:07+00:00,301.6000061035156,164,44.90817977115512,-93.90996806323528
2013-03-12_running.gpx,3,59,2013-03-12T18:09:13+00:00,302.0,165,44.908012887462974,-93.90996186062694
2013-03-12_running.gpx,3,60,2013-03-12T18:09:18+00:00,302.0,165,44.90787676535547,-93.90995565801859
2013-03-12_running.gpx,3,61,2013-03-12T18:09:25+00:00,301.6000061035156,164,44.90768079645932,-93.90995046123862
2013-03-12_running.gpx,3,62,2013-03-12T18:09:31+00:00,301.0,165,44.90750854834914,-93.90994794666767
2013-03-12_running.gpx,3,63,2013-03-12T18:09:40+00:00,300.6000061035156,163,44.90724753588438,-93.90994677320123
2013-03-12_running.gpx,3,64,2013-03-12T18:09:46+00:00,300.6000061035156,163,44.9070739466697,-93.90994283370674
2013-03-12_running.gpx,3,65,2013-03-12T18:09:53+00:00,300.0,162,44.90687328390777,-93.90994157642126
2013-03-12_running.gpx,3,66,2013-03-12T18:10:00+00:00,299.20001220703125,161,44.90667228586972,-93.90993897803128
2013-03-12_running.gpx,3,67,2013-03-12T18:10:06+00:00,298.6000061035156,160,44.90649643354118,-93.9099464379251
2013-03-12_running.gpx,3,68,2013-03-12T18:10:13+00:00,298.20001220703125,160,44.90629317238927,-93.90994207933545
2013-03-12_running.gpx,3,69,2013-03-12T18:10:19+00:00,298.20001220703125,160,44.90611765533686,-93.90993118286133
2013-03-12_running.gpx,3,70,2013-03-12T18:10:26+00:00,298.20001220703125,160,44.90591456182301,-93.90993445180357
2013-03-12_running.gpx,3,71,2013-03-12T18:10:33+00:00,298.20001220703125,161,44.90571809001267,-93.90993386507034
2013-03-12_running.gpx,3,72,2013-03-12T18:10:39+00:00,298.6000061035156,162,44.90555145777762,-93.90993948094547
2013-03-12_running.gpx,3,73,2013-03-12T18:10:45+00:00,298.6000061035156,164,44.905388094484806,-93.90993964858353
2013-03-12_running.gpx,3,74,2013-03-12T18:10:51+00:00,298.6000061035156,164,44.9052226357162,-93.90994015149772
2013-03-12_running.gpx,3,75,2013-03-12T18:10:57+00:00,298.6000061035156,164,44.90506086498499,-93.90994358807802
2013-03-12_running.gpx,3,76,2013-03-12T18:11:04+00:00,298.6000061035156,165,44.904871098697186,-93.90995096415281
2013-03-12_running.gpx,3,77,2013-03-12T18:11:11+00:00,299.20001220703125,164,44.904684349894524,-93.90995775349438
2013-03-12_running.gpx,3,78,2013-03-12T18:11:17+00:00,299.20001220703125,164,44.90452475845814,-93.90996295027435
2013-03-12_running.gpx,3,79,2013-03-12T18:11:24+00:00,299.6000061035156,164,44.90434295497835,-93.90996127389371
2013-03-12_running.gpx,3,80,2013-03-12T18:11:31+00:00,300.6000061035156,164,44.90415654145181,-93.90995708294213
2013-03-12_running.gpx,3,81,2013-03-12T18:11:38+00:00,300.6000061035156,163,44.90396878682077,-93.90996085479856
2013-03-12_running.gpx,3,82,2013-03-12T18:11:45+00:00,300.6000061035156,163,44.90376569330692,-93.9099604357034
2013-03-12_running.gpx,3,83,2013-03-12T18:11:51+00:00,300.6000061035156,162,44.90359059534967,-93.90995875932276
2013-03-12_running.gpx,3,84,2013-03-12T18:11:57+00:00,300.6000061035156,162,44.903411557897925,-93.90995934605598
2013-03-12_running.gpx,3,85,2013-03-12T18:12:04+00:00,301.0,163,44.903205279260874,-93.90996496193111
2013-03-12_running.gpx,3,86,2013-03-12T18:12:05+00:00,301.0,163,44.90317686460912,-93.90996529720724
2013-03-12_running.gpx,4,0,2013-03-12T18:12:10+00:00,300.6000061035156,162,44.90303596481681,-93.90996856614947
2013-03-12_running.gpx,4,1,2013-03-12T18:12:16+00:00,300.6000061035156,162,44.902866650372744,-93.90996479429305
2013-03-12_running.gpx,4,2,2013-03-12T18:12:22+00:00,300.0,164,44.902698677033186,-93.90997024253011
2013-03-12_running.gpx,4,3,2013-03-12T18:12:29+00:00,301.0,167,44.90250874310732,-93.90997569076717
2013-03-12_running.gpx,4,4,2013-03-12T18:12:36+00:00,302.0,168,44.90231906063855,-93.90998038463295
2013-03-12_running.gpx,4,5,2013-03-12T18:12:41+00:00,303.0,167,44.902183189988136,-93.9099966455251
2013-03-12_running.gpx,4,6,2013-03-12T18:12:47+00:00,303.3999938964844,167,44.90202326327562,-93.90998055227101
2013-03-12_running.gpx,4,7,2013-03-12T18:12:54+00:00,303.3999938964844,169,44.90183886140585,-93.90998507849872
2013-03-12_running.gpx,4,8,2013-03-12T18:13:00+00:00,302.0,169,44.90168295800686,-93.91000435687602
2013-03-12_running.gpx,4,9,2013-03-12T18:13:06+00:00,301.6000061035156,170,44.90152663551271,-93.91002975404263
2013-03-12_running.gpx,4,10,2013-03-12T18:13:13+00:00,300.6000061035156,169,44.90133326500654,-93.91001625917852
2013-03-12_running.gpx,4,11,2013-03-12T18:13:19+00:00,300.6000061035156,167,44.90117518231273,-93.91001625917852
2013-03-12_running.gpx,4,12,2013-03-12T18:13:25+00:00,301.0,167,44.901010394096375,-93.9100135769695
2013-03-12_running.gpx,4,13,2013-03-12T18:13:31+00:00,301.6000061035156,166,44.90084267221391,-93.9100085478276
2013-03-12_running.gpx,4,14,2013-03-12T18:13:37+00:00,302.0,165,44.90067729726434,-93.910006955266
2013-03-12_running.gpx,4,15,2013-03-12T18:13:43+00:00,302.0,166,44.9005167838186,-93.91000997275114
2013-03-12_running.gpx,4,16,2013-03-12T18:13:50+00:00,302.0,165,44.9003304541111,-93.91001097857952
2013-03-12_running.gpx,4,17,2013-03-12T18:13:57+00:00,302.3999938964844,165,44.90014135837555,-93.91001005657017
2013-03-12_running.gpx,4,18,2013-03-12T18:14:04+00:00,303.0,166,44.89994748495519,-93.9100135769695
2013-03-12_running.gpx,4,19,2013-03-12T18:14:11+00:00,303.0,164,44.89975595846772,-93.91001324169338
2013-03-12_running.gpx,4,20,2013-03-12T18:14:16+00:00,304.0,164,44.89960885606706,-93.91001005657017
2013-03-12_running.gpx,4,21,2013-03-12T18:14:22+00:00,303.0,166,44.89943275228143,-93.9100135769695
2013-03-12_running.gpx,4,22,2013-03-12T18:14:28+00:00,302.3999938964844,167,44.89925924688578,-93.91001785174012
2013-03-12_running.gpx,4,23,2013-03-12T18:14:35+00:00,302.0,168,44.89905623719096,-93.91001609154046
2013-03-12_running.gpx,4,24,2013-03-12T18:14:40+00:00,301.6000061035156,167,44.89890268072486,-93.9100188575685
2013-03-12_running.gpx,4,25,2013-03-12T18:14:47+00:00,301.6000061035156,166,44.89869028329849,-93.91001818701625
2013-03-12_running.gpx,4,26,2013-03-12T18:14:51+00:00,301.0,166,44.898595651611686,-93.90992506407201
2013-03-12_running.gpx,4,27,2013-03-12T18:14:56+00:00,300.6000061035156,166,44.89857545122504,-93.90971828252077
2013-03-12_running.gpx,4,28,2013-03-12T18:15:02+00:00,301.0,166,44.89858123473823,-93.90946556814015
2013-03-12_running.gpx,4,29,2013-03-12T18:15:09+00:00,301.6000061035156,166,44.8985861800611,-93.90916675329208
2013-03-12_running.gpx,4,30,2013-03-12T18:15:15+00:00,302.0,166,44.898586263880134,-93.90892568975687
2013-03-12_running.gpx,4,31,2013-03-12T18:15:22+00:00,302.3999938964844,166,44.89858307875693,-93.90864028595388
2013-03-12_running.gpx,4,32,2013-03-12T18:15:29+00:00,302.0,169,44.89858425222337,-93.9083596598357
2013-03-12_running.gpx,4,33,2013-03-12T18:15:37+00:00,302.0,169,44.898590287193656,-93.908038046211
2013-03-12_running.gpx,4,34,2013-03-12T18:15:44+00:00,303.0,168,44.89859405905008,-93.90775616280735
2013-03-12_running.gpx,4,35,2013-03-12T18:15:50+00:00,303.3999938964844,167,44.898587856441736,-93.90752356499434
2013-03-12_running.gpx,4,36,2013-03-12T18:15:57+00:00,304.3999938964844,167,44.898587856441736,-93.90724176540971
2013-03-12_running.gpx,4,37,2013-03-12T18:16:04+00:00,304.79998779296875,167,44.89859338849783,-93.90695954672992
2013-03-12_running.gpx,4,38,2013-03-12T18:16:12+00:00,304.3999938964844,168,44.89858307875693,-93.90663206577301
2013-03-12_running.gpx,4,39,2013-03-12T18:16:16+00:00,304.0,169,44.89858224056661,-93.90646786428988
2013-03-12_running.gpx,4,40,2013-03-12T18:16:23+00:00,303.3999938964844,168,44.89858936518431,-93.90617055818439
2013-03-12_running.gpx,4,41,2013-03-12T18:16:30+00:00,304.0,167,44.89858995191753,-93.90586989931762
2013-03-12_running.gpx,4,42,2013-03-12T18:16:35+00:00,304.0,168,44.89858718588948,-93.90566806308925
2013-03-12_running.gpx,4,43,2013-03-12T18:16:40+00:00,304.3999938964844,168,44.898587856441736,-93.90546949580312
2013-03-12_running.gpx,4,44,2013-03-12T18:16:48+00:00,305.79998779296875,168,44.89858869463205,-93.90515659935772
2013-03-12_running.gpx,4,45,2013-03-12T18:16:53+00:00,305.3999938964844,168,44.89859104156494,-93.90496708452702
2013-03-12_running.gpx,4,46,2013-03-12T18:17:01+00:00,306.3999938964844,169,44.8985930532217,-93.90465653501451
2013-03-12_running.gpx,4,47,2013-03-12T18:17:07+00:00,306.3999938964844,170,44.89859338849783,-93.90442796051502
2013-03-12_running.gpx,4,48,2013-03-12T18:17:13+00:00,306.79998779296875,171,44.89857888780534,-93.90419645234942
2013-03-12_running.gpx,4,49,2013-03-12T18:17:20+00:00,306.3999938964844,170,44.89858056418598,-93.9039249625057
2013-03-12_running.gpx,4,50,2013-03-12T18:17:27+00:00,306.3999938964844,170,44.89859389141202,-93.90363997779787
2013-03-12_running.gpx,4,51,2013-03-12T18:17:34+00:00,304.79998779296875,170,44.89858366549015,-93.9033546578139
2013-03-12_running.gpx,4,52,2013-03-12T18:17:40+00:00,304.0,167,44.89858509041369,-93.90311225317419
2013-03-12_running.gpx,4,53,2013-03-12T18:17:47+00:00,303.0,165,44.898581989109516,-93.90282886102796
2013-03-12_running.gpx,4,54,2013-03-12T18:17:53+00:00,303.3999938964844,164,44.89857788197696,-93.90258519910276
2013-03-12_running.gpx,4,55,2013-03-12T18:17:59+00:00,304.3999938964844,164,44.89858106710017,-93.90234606340528
2013-03-12_running.gpx,4,56,2013-03-12T18:18:05+00:00,304.3999938964844,164,44.8985758703202,-93.90209745615721
2013-03-12_running.gpx,4,57,2013-03-12T18:18:12+00:00,305.3999938964844,165,44.89857863634825,-93.90179805457592
2013-03-12_running.gpx,4,58,2013-03-12T18:18:19+00:00,304.79998779296875,167,44.898580899462104,-93.90150334686041
2013-03-12_running.gpx,4,59,2013-03-12T18:18:27+00:00,304.3999938964844,167,44.89858215674758,-93.90116354450583
2013-03-12_running.gpx,4,60,2013-03-12T18:18:33+00:00,304.0,167,44.89857486449182,-93.90090395696461
2013-03-12_running.gpx,4,61,2013-03-12T18:18:40+00:00,303.0,167,44.89857729524374,-93.90060908161104
2013-03-12_running.gpx,4,62,2013-03-12T18:18:47+00:00,302.3999938964844,167,44.898568745702505,-93.90031848102808
2013-03-12_running.gpx,4,63,2013-03-12T18:19:01+00:00,303.0,164,44.898577546700835,-93.89976795762777
2013-03-12_running.gpx,4,64,2013-03-12T18:19:09+00:00,302.3999938964844,163,44.89857293665409,-93.89944458380342
2013-03-12_running.gpx,4,65,2013-03-12T18:19:16+00:00,302.3999938964844,164,44.89856933243573,-93.89915683306754
2013-03-12_running.gpx,4,66,2013-03-12T18:19:23+00:00,302.3999938964844,166,44.89856413565576,-93.89885894022882
2013-03-12_running.gpx,4,67,2013-03-12T18:19:31+00:00,302.3999938964844,168,44.89856363274157,-93.89853078871965
2013-03-12_running.gpx,4,68,2013-03-12T18:19:39+00:00,303.3999938964844,171,44.89856564439833,-93.89821135438979
2013-03-12_running.gpx,4,69,2013-03-12T18:19:44+00:00,304.0,169,44.89857285283506,-93.89800876379013
2013-03-12_running.gpx,4,70,2013-03-12T18:19:51+00:00,304.0,165,44.89856514148414,-93.89773266389966
2013-03-12_running.gpx,4,71,2013-03-12T18:19:58+00:00,304.0,164,44.898578971624374,-93.89745145104825
2013-03-12_running.gpx,4,72,2013-03-12T18:20:04+00:00,303.0,165,44.89857695996761,-93.89720996841788
2013-03-12_running.gpx,4,73,2013-03-12T18:20:11+00:00,303.0,167,44.89857595413923,-93.8969261571765
2013-03-12_running.gpx,4,74,2013-03-12T18:20:18+00:00,303.0,168,44.89857913926244,-93.89664687216282
2013-03-12_running.gpx,4,75,2013-03-12T18:20:27+00:00,304.0,169,44.89857335574925,-93.89628225937486
2013-03-12_running.gpx,4,76,2013-03-12T18:20:32+00:00,303.3999938964844,169,44.89856296218932,-93.89607455581427
2013-03-12_running.gpx,4,77,2013-03-12T18:20:40+00:00,304.3999938964844,168,44.89855835214257,-93.89575394801795
2013-03-12_running.gpx,4,78,2013-03-12T18:20:41+00:00,304.3999938964844,168,44.89855675958097,-93.89571329578757
2013-03-12_running.gpx,5,0,2013-03-12T18:20:47+00:00,304.3999938964844,168,44.898561369627714,-93.89547776430845
2013-03-12_running.gpx,5,1,2013-03-12T18:20:52+00:00,304.0,169,44.89855474792421,-93.89526385813951
2013-03-12_running.gpx,5,2,2013-03-12T18:20:57+00:00,304.3999938964844,170,44.89853999577463,-93.89504919759929
2013-03-12_running.gpx,5,3,2013-03-12T18:21:02+00:00,304.79998779296875,171,44.898541336879134,-93.89483755454421
2013-03-12_running.gpx,5,4,2013-03-12T18:21:09+00:00,304.3999938964844,170,44.898540833964944,-93.89454485848546
2013-03-12_running.gpx,5,5,2013-03-12T18:21:15+00:00,304.3999938964844,169,44.89854359999299,-93.89429524540901
2013-03-12_running.gpx,5,6,2013-03-12T18:21:21+00:00,304.3999938964844,168,44.8985396604985,-93.89405124820769
2013-03-12_running.gpx,5,7,2013-03-12T18:21:29+00:00,305.3999938964844,168,44.89854359999299,-93.89372477307916
2013-03-12_running.gpx,5,8,2013-03-12T18:21:35+00:00,304.3999938964844,169,44.89853337407112,-93.8934875652194
2013-03-12_running.gpx,5,9,2013-03-12T18:21:41+00:00,303.0,167,44.898516945540905,-93.89325714670122
2013-03-12_running.gpx,5,10,2013-03-12T18:21:47+00:00,302.0,167,44.898510659113526,-93.89302865602076
2013-03-12_running.gpx,5,11,2013-03-12T18:21:53+00:00,301.6000061035156,167,44.89851518534124,-93.89279136434197
2013-03-12_running.gpx,5,12,2013-03-12T18:21:58+00:00,302.3999938964844,167,44.89852599799633,-93.89259279705584
2013-03-12_running.gpx,5,13,2013-03-12T18:22:05+00:00,302.3999938964844,167,44.898519376292825,-93.89229926280677
2013-03-12_running.gpx,5,14,2013-03-12T18:22:09+00:00,302.0,166,44.89852356724441,-93.8921301998198
2013-03-12_running.gpx,5,15,2013-03-12T18:22:15+00:00,300.6000061035156,165,44.898507641628385,-93.89186373911798
2013-03-12_running.gpx,5,16,2013-03-12T18:22:21+00:00,299.20001220703125,164,44.89850336685777,-93.89159635640681
2013-03-12_running.gpx,5,17,2013-03-12T18:22:27+00:00,298.6000061035156,164,44.89849607460201,-93.89133668504655
2013-03-12_running.gpx,5,18,2013-03-12T18:22:33+00:00,298.20001220703125,163,44.89851619116962,-93.8910817913711
2013-03-12_running.gpx,5,19,2013-03-12T18:22:39+00:00,297.6000061035156,162,44.89851334132254,-93.89082564041018
2013-03-12_running.gpx,5,20,2013-03-12T18:22:46+00:00,297.20001220703125,162,44.8985084798187,-93.89053068123758
2013-03-12_running.gpx,5,21,2013-03-12T18:22:52+00:00,295.79998779296875,162,44.89850705489516,-93.89028525911272
2013-03-12_running.gpx,5,22,2013-03-12T18:22:58+00:00,295.79998779296875,163,44.89847847260535,-93.89005014672875
2013-03-12_running.gpx,5,23,2013-03-12T18:23:01+00:00,294.79998779296875,164,44.89843329414725,-93.88994839042425
2013-03-12_running.gpx,5,24,2013-03-12T18:23:05+00:00,293.3999938964844,164,44.89830949343741,-93.8899355661124
2013-03-12_running.gpx,5,25,2013-03-12T18:23:12+00:00,291.79998779296875,163,44.89812056533992,-93.88993506319821
2013-03-12_running.gpx,5,26,2013-03-12T18:23:19+00:00,290.0,163,44.89793725311756,-93.88993858359754
2013-03-12_running.gpx,5,27,2013-03-12T18:23:25+00:00,289.0,164,44.89776827394962,-93.88993749395013
2013-03-12_running.gpx,5,28,2013-03-12T18:23:26+00:00,289.0,164,44.89773818291724,-93.88994185253978
2013-03-12_running.gpx,5,29,2013-03-12T18:23:32+00:00,289.0,165,44.89756224676967,-93.88993095606565
2013-03-12_running.gpx,5,30,2013-03-12T18:23:37+00:00,288.6000061035156,167,44.897414641454816,-93.88995165936649
2013-03-12_running.gpx,5,31,2013-03-12T18:23:43+00:00,287.0,167,44.89723417907953,-93.88993866741657
2013-03-12_running.gpx,5,32,2013-03-12T18:23:49+00:00,286.6000061035156,168,44.89704944193363,-93.88992743566632
2013-03-12_running.gpx,5,33,2013-03-12T18:23:56+00:00,287.0,169,44.896831177175045,-93.88993263244629
2013-03-12_running.gpx,5,34,2013-03-12T18:24:02+00:00,287.6000061035156,169,44.89663738757372,-93.88992357999086
2013-03-12_running.gpx,5,35,2013-03-12T18:24:09+00:00,287.6000061035156,170,44.89641233347356,-93.88991218060255
2013-03-12_running.gpx,5,36,2013-03-12T18:24:16+00:00,288.6000061035156,171,44.896191554144025,-93.88989675790071
2013-03-12_running.gpx,5,37,2013-03-12T18:24:22+00:00,289.0,172,44.89600606262684,-93.88988896273077
2013-03-12_running.gpx,5,38,2013-03-12T18:24:27+00:00,289.3999938964844,172,44.895867593586445,-93.88980765827
2013-03-12_running.gpx,5,39,2013-03-12T18:24:32+00:00,290.3999938964844,172,44.89571143873036,-93.88976784422994
2013-03-12_running.gpx,5,40,2013-03-12T18:24:39+00:00,288.6000061035156,172,44.89549158141017,-93.88976256363094
2013-03-12_running.gpx,5,41,2013-03-12T18:24:46+00:00,288.0,172,44.89527993835509,-93.88976356945932
2013-03-12_running.gpx,5,42,2013-03-12T18:24:52+00:00,288.0,172,44.8950928542763,-93.88976323418319
2013-03-12_running.gpx,5,43,2013-03-12T18:24:58+00:00,289.0,173,44.89490727894008,-93.88976155780256
2013-03-12_running.gpx,5,44,2013-03-12T18:25:04+00:00,289.0,174,44.89472405053675,-93.88976097106934
2013-03-12_running.gpx,5,45,2013-03-12T18:25:11+00:00,288.6000061035156,176,44.894514167681336,-93.88975745067
2013-03-12_running.gpx,5,46,2013-03-12T18:25:19+00:00,289.0,174,44.89427637308836,-93.88975325971842
2013-03-12_running.gpx,5,47,2013-03-12T18:25:26+00:00,289.0,174,44.89406925626099,-93.88974856585264
2013-03-12_running.gpx,5,48,2013-03-12T18:25:32+00:00,289.3999938964844,174,44.893893487751484,-93.8897365797311
2013-03-12_running.gpx,5,49,2013-03-12T18:25:38+00:00,290.0,173,44.89371838979423,-93.8897471409291
2013-03-12_running.gpx,5,50,2013-03-12T18:25:43+00:00,289.3999938964844,173,44.89356885664165,-93.88976465910673
2013-03-12_running.gpx,5,51,2013-03-12T18:25:49+00:00,289.0,172,44.893385879695415,-93.88974429108202
2013-03-12_running.gpx,5,52,2013-03-12T18:25:55+00:00,289.0,172,44.89319954998791,-93.8897439558059
2013-03-12_running.gpx,5,53,2013-03-12T18:26:03+00:00,287.6000061035156,173,44.892956893891096,-93.88973976485431
2013-03-12_running.gpx,5,54,2013-03-12T18:26:08+00:00,287.0,173,44.892814652994275,-93.88973725028336
2013-03-12_running.gpx,5,55,2013-03-12T18:26:13+00:00,286.20001220703125,173,44.89266226999462,-93.88973934575915
2013-03-12_running.gpx,5,56,2013-03-12T18:26:19+00:00,285.6000061035156,173,44.892473593354225,-93.88972786255181
2013-03-12_running.gpx,5,57,2013-03-12T18:26:25+00:00,285.20001220703125,174,44.892288856208324,-93.88972107321024
2013-03-12_running.gpx,5,58,2013-03-12T18:26:31+00:00,286.20001220703125,173,44.892095066607,-93.88969525694847
2013-03-12_running.gpx,5,59,2013-03-12T18:26:38+00:00,286.6000061035156,173,44.891876466572285,-93.88964949175715
2013-03-12_running.gpx,5,60,2013-03-12T18:26:46+00:00,287.0,175,44.8916407674551,-93.88958243653178
2013-03-12_running.gpx,5,61,2013-03-12T18:26:52+00:00,288.6000061035156,174,44.891463657841086,-93.88952376320958
2013-03-12_running.gpx,5,62,2013-03-12T18:26:58+00:00,289.3999938964844,174,44.8912921641022,-93.88946919701993
2013-03-12_running.gpx,5,63,2013-03-12T18:27:05+00:00,289.3999938964844,175,44.891089741140604,-93.88941496610641
2013-03-12_running.gpx,5,64,2013-03-12T18:27:13+00:00,289.0,174,44.8908550478518,-93.889395352453
2013-03-12_running.gpx,5,65,2013-03-12T18:27:19+00:00,288.6000061035156,175,44.890681793913245,-93.88938227668405
2013-03-12_running.gpx,5,66,2013-03-12T18:27:25+00:00,287.0,176,44.89050745032728,-93.88938789255917
2013-03-12_running.gpx,5,67,2013-03-12T18:27:31+00:00,285.6000061035156,175,44.8903285805136,-93.88938546180725
2013-03-12_running.gpx,5,68,2013-03-12T18:27:38+00:00,285.6000061035156,174,44.89011115394533,-93.88937716372311
2013-03-12_running.gpx,5,69,2013-03-12T18:27:46+00:00,286.6000061035156,174,44.88986296579242,-93.88937775045633
2013-03-12_running.gpx,5,70,2013-03-12T18:27:53+00:00,288.6000061035156,174,44.88964956253767,-93.88936886563897
2013-03-12_running.gpx,5,71,2013-03-12T18:28:01+00:00,290.3999938964844,174,44.889402547851205,-93.88936769217253
2013-03-12_running.gpx,5,72,2013-03-12T18:28:06+00:00,291.0,174,44.88925276324153,-93.88937129639089
2013-03-12_running.gpx,5,73,2013-03-12T18:28:13+00:00,292.3999938964844,176,44.889042461290956,-93.88936484232545
2013-03-12_running.gpx,5,74,2013-03-12T18:28:20+00:00,292.3999938964844,176,44.88883174024522,-93.88938185758889
2013-03-12_running.gpx,5,75,2013-03-12T18:28:26+00:00,291.79998779296875,176,44.88865186460316,-93.88938395306468
2013-03-12_running.gpx,5,76,2013-03-12T18:28:32+00:00,291.79998779296875,177,44.888474168255925,-93.88937934301794
2013-03-12_running.gpx,5,77,2013-03-12T18:28:37+00:00,292.3999938964844,176,44.88833175972104,-93.88939199969172
2013-03-12_running.gpx,5,78,2013-03-12T18:28:43+00:00,292.79998779296875,177,44.88815716467798,-93.88938864693046
2013-03-12_running.gpx,5,79,2013-03-12T18:28:45+00:00,292.3999938964844,178,44.8881006706506,-93.88938814401627
2013-03-12_running.gpx,6,0,2013-03-12T18:28:45+00:00,292.3999938964844,178,44.8881006706506,-93.88938814401627
2013-03-12_running.gpx,6,1,2013-03-12T18:28:49+00:00,292.3999938964844,177,44.8879798874259,-93.88939577154815
2013-03-12_running.gpx,6,2,2013-03-12T18:28:55+00:00,292.3999938964844,177,44.88779976032674,-93.88940767385066
2013-03-12_running.gpx,6,3,2013-03-12T18:29:01+00:00,292.3999938964844,177,44.88762038759887,-93.8894120324403
2013-03-12_running.gpx,6,4,2013-03-12T18:29:07+00:00,291.3999938964844,176,44.8874428588897,-93.88942644931376
2013-03-12_running.gpx,6,5,2013-03-12T18:29:12+00:00,291.0,176,44.88729768432677,-93.88941706158221
2013-03-12_running.gpx,6,6,2013-03-12T18:29:17+00:00,291.0,176,44.88714588806033,-93.8894154690206
2013-03-12_running.gpx,6,7,2013-03-12T18:29:23+00:00,291.0,175,44.886965760961175,-93.88940624892712
2013-03-12_running.gpx,6,8,2013-03-12T18:29:29+00:00,291.3999938964844,176,44.886796195060015,-93.88942519202828
2013-03-12_running.gpx,6,9,2013-03-12T18:29:35+00:00,291.3999938964844,175,44.886629059910774,-93.88944564387202
2013-03-12_running.gpx,6,10,2013-03-12T18:29:40+00:00,293.79998779296875,176,44.88647089339793,-93.8894418720156
2013-03-12_running.gpx,6,11,2013-03-12T18:29:45+00:00,294.79998779296875,176,44.8863201867789,-93.88943147845566
2013-03-12_running.gpx,6,12,2013-03-12T18:29:52+00:00,295.20001220703125,177,44.88610175438225,-93.88942753896117
2013-03-12_running.gpx,6,13,2013-03-12T18:29:53+00:00,295.20001220703125,177,44.8860733397305,-93.88942326419055
2013-03-12_running.gpx,6,14,2013-03-12T18:29:57+00:00,296.20001220703125,177,44.8860130738467,-93.88928554952145
2013-03-12_running.gpx,6,15,2013-03-12T18:30:02+00:00,298.20001220703125,177,44.88596378825605,-93.88905345462263
2013-03-12_running.gpx,6,16,2013-03-12T18:30:08+00:00,300.6000061035156,176,44.88591928035021,-93.8887840602547
2013-03-12_running.gpx,6,17,2013-03-12T18:30:14+00:00,301.6000061035156,175,44.88590913824737,-93.88853218406439
2013-03-12_running.gpx,6,18,2013-03-12T18:30:20+00:00,302.0,175,44.885918190702796,-93.88828659430146
2013-03-12_running.gpx,6,19,2013-03-12T18:30:22+00:00,302.3999938964844,175,44.88592229783535,-93.88821073807776
2013-03-12_running.gpx,6,20,2013-03-12T18:30:26+00:00,301.0,174,44.88584266975522,-93.88814929872751
2013-03-12_running.gpx,6,21,2013-03-12T18:30:34+00:00,300.6000061035156,174,44.88560914993286,-93.88814653269947
2013-03-12_running.gpx,6,22,2013-03-12T18:30:38+00:00,299.6000061035156,173,44.8854950722307,-93.88808995485306
2013-03-12_running.gpx,6,23,2013-03-12T18:30:43+00:00,299.20001220703125,173,44.885379150509834,-93.88793748803437
2013-03-12_running.gpx,6,24,2013-03-12T18:30:47+00:00,298.20001220703125,174,44.885254092514515,-93.88791359961033
2013-03-12_running.gpx,6,25,2013-03-12T18:30:53+00:00,296.79998779296875,172,44.88507614471018,-93.88793455436826
2013-03-12_running.gpx,6,26,2013-03-12T18:30:59+00:00,295.79998779296875,172,44.884881768375635,-93.8879666570574
2013-03-12_running.gpx,6,27,2013-03-12T18:31:05+00:00,294.79998779296875,171,44.88469443283975,-93.8879309501499
2013-03-12_running.gpx,6,28,2013-03-12T18:31:11+00:00,293.79998779296875,171,44.884490333497524,-93.8878928963095
2013-03-12_running.gpx,6,29,2013-03-12T18:31:18+00:00,292.79998779296875,172,44.88425547257066,-93.88788334093988
2013-03-12_running.gpx,6,30,2013-03-12T18:31:23+00:00,292.3999938964844,173,44.88409495912492,-93.88788334093988
2013-03-12_running.gpx,6,31,2013-03-12T18:31:29+00:00,291.79998779296875,174,44.8839011695236,-93.887888956815
2013-03-12_running.gpx,6,32,2013-03-12T18:31:36+00:00,292.3999938964844,173,44.88367888145149,-93.88789683580399
2013-03-12_running.gpx,6,33,2013-03-12T18:31:43+00:00,292.79998779296875,171,44.88345508463681,-93.88788275420666
2013-03-12_running.gpx,6,34,2013-03-12T18:31:49+00:00,293.3999938964844,171,44.883268252015114,-93.88788166455925
2013-03-12_running.gpx,6,35,2013-03-12T18:31:55+00:00,293.79998779296875,173,44.88308435305953,-93.88789624907076
2013-03-12_running.gpx,6,36,2013-03-12T18:32:02+00:00,293.79998779296875,177,44.882864160463214,-93.8878981769085
2013-03-12_running.gpx,6,37,2013-03-12T18:32:08+00:00,293.79998779296875,176,44.882675148546696,-93.88790396042168
2013-03-12_running.gpx,6,38,2013-03-12T18:32:14+00:00,294.3999938964844,178,44.88249099813402,-93.88790253549814
2013-03-12_running.gpx,6,39,2013-03-12T18:32:20+00:00,295.20001220703125,177,44.882303243502975,-93.88790907338262
2013-03-12_running.gpx,6,40,2013-03-12T18:32:26+00:00,295.79998779296875,177,44.882117584347725,-93.88792005367577
2013-03-12_running.gpx,6,41,2013-03-12T18:32:31+00:00,295.20001220703125,177,44.88196033984423,-93.88796598650515
2013-03-12_running.gpx,6,42,2013-03-12T18:32:36+00:00,296.20001220703125,177,44.88183385692537,-93.8880826625973
2013-03-12_running.gpx,6,43,2013-03-12T18:32:41+00:00,296.79998779296875,177,44.88177585415542,-93.88829816132784
2013-03-12_running.gpx,6,44,2013-03-12T18:32:42+00:00,297.20001220703125,178,44.88175976090133,-93.88834074139595
2013-03-12_running.gpx,6,45,2013-03-12T18:32:48+00:00,298.20001220703125,178,44.88174634985626,-93.88861608691514
2013-03-12_running.gpx,6,46,2013-03-12T18:32:55+00:00,298.6000061035156,177,44.88174886442721,-93.88890425674617
2013-03-12_running.gpx,6,47,2013-03-12T18:33:00+00:00,298.6000061035156,178,44.881754564121366,-93.8891202583909
2013-03-12_running.gpx,6,48,2013-03-12T18:33:07+00:00,297.6000061035156,178,44.88177635706961,-93.88941278681159
2013-03-12_running.gpx,6,49,2013-03-12T18:33:13+00:00,297.20001220703125,180,44.88181298598647,-93.88966717757285
2013-03-12_running.gpx,6,50,2013-03-12T18:33:18+00:00,297.6000061035156,180,44.88186235539615,-93.88986079953611
2013-03-12_running.gpx,6,51,2013-03-12T18:33:25+00:00,298.6000061035156,181,44.8819462582469,-93.89010873623192
2013-03-12_running.gpx,6,52,2013-03-12T18:33:30+00:00,299.20001220703125,182,44.88201138563454,-93.89028375037014
2013-03-12_running.gpx,6,53,2013-03-12T18:33:37+00:00,299.6000061035156,182,44.88212403841317,-93.89051785692573
2013-03-12_running.gpx,6,54,2013-03-12T18:33:43+00:00,300.0,180,44.88222177140415,-93.89072505757213
2013-03-12_running.gpx,6,55,2013-03-12T18:33:48+00:00,301.6000061035156,180,44.882324282079935,-93.8908732496202
2013-03-12_running.gpx,6,56,2013-03-12T18:33:55+00:00,301.6000061035156,181,44.88250625319779,-93.89101129956543
2013-03-12_running.gpx,6,57,2013-03-12T18:34:00+00:00,301.0,181,44.882631646469235,-93.89112789183855
2013-03-12_running.gpx,6,58,2013-03-12T18:34:07+00:00,301.6000061035156,181,44.882761565968394,-93.89137515798211
2013-03-12_running.gpx,6,59,2013-03-12T18:34:13+00:00,301.0,181,44.88282015547156,-93.89162946492434
2013-03-12_running.gpx,6,60,2013-03-12T18:34:18+00:00,300.0,181,44.882867680862546,-93.89182987622917
2013-03-12_running.gpx,6,61,2013-03-12T18:34:25+00:00,298.20001220703125,180,44.88293834030628,-93.89214377850294
2013-03-12_running.gpx,6,62,2013-03-12T18:34:32+00:00,296.79998779296875,180,44.88301117904484,-93.89245214872062
2013-03-12_running.gpx,6,63,2013-03-12T18:34:37+00:00,297.20001220703125,181,44.88308007828891,-93.8926674798131
2013-03-12_running.gpx,6,64,2013-03-12T18:34:43+00:00,297.20001220703125,180,44.883183762431145,-93.89289127662778
2013-03-12_running.gpx,6,65,2013-03-12T18:34:48+00:00,299.20001220703125,180,44.883297085762024,-93.89306696131825
2013-03-12_running.gpx,6,66,2013-03-12T18:34:57+00:00,299.6000061035156,180,44.88350763916969,-93.89334306120872
2013-03-12_running.gpx,6,67,2013-03-12T18:35:02+00:00,299.6000061035156,180,44.88359933719039,-93.89352167956531
2013-03-12_running.gpx,6,68,2013-03-12T18:35:08+00:00,299.6000061035156,180,44.88362188450992,-93.89377833344042
2013-03-12_running.gpx,6,69,2013-03-12T18:35:14+00:00,299.20001220703125,179,44.88356656394899,-93.89402878470719
2013-03-12_running.gpx,6,70,2013-03-12T18:35:20+00:00,299.6000061035156,180,44.88348207436502,-93.89426515437663
2013-03-12_running.gpx,6,71,2013-03-12T18:35:27+00:00,300.0,180,44.88338425755501,-93.89455148018897
2013-03-12_running.gpx,6,72,2013-03-12T18:35:33+00:00,300.6000061035156,180,44.88331334665418,-93.89478399418294
2013-03-12_running.gpx,6,73,2013-03-12T18:35:39+00:00,301.0,180,44.8832586966455,-93.89502287842333
2013-03-12_running.gpx,6,74,2013-03-12T18:35:46+00:00,301.0,180,44.883225252851844,-93.89531766995788
2013-03-12_running.gpx,6,75,2013-03-12T18:35:53+00:00,300.6000061035156,179,44.8831963352859,-93.895621933043
2013-03-12_running.gpx,6,76,2013-03-12T18:35:59+00:00,299.6000061035156,179,44.88315559923649,-93.89588294550776
2013-03-12_running.gpx,6,77,2013-03-12T18:36:05+00:00,298.20001220703125,179,44.8831307888031,-93.89615686610341
2013-03-12_running.gpx,6,78,2013-03-12T18:36:13+00:00,298.6000061035156,179,44.88308326341212,-93.89650706201792
2013-03-12_running.gpx,6,79,2013-03-12T18:36:22+00:00,297.6000061035156,179,44.88303657621145,-93.89689246192575
2013-03-12_running.gpx,6,80,2013-03-12T18:36:23+00:00,297.6000061035156,179,44.883029367774725,-93.89693269506097
2013-03-12_running.gpx,6,81,2013-03-12T18:36:27+00:00,298.20001220703125,178,44.8830892983824,-93.89700117520988
2013-03-12_running.gpx,6,82,2013-03-12T18:36:30+00:00,298.20001220703125,177,44.88313648849726,-93.89689506031573
2013-03-12_running.gpx,6,83,2013-03-12T18:36:33+00:00,298.6000061035156,178,44.88315719179809,-93.8967686612159
2013-03-12_running.gpx,7,0,2013-03-12T18:36:33+00:00,298.6000061035156,178,44.88315719179809,-93.8967686612159
